asset,expected_return,volatility,jump_risk,confidence,recommendation
BTC,42.42640781449154,0.7333549977809798,4.456763468621112e-08,0.5,UNCERTAIN
ETH,-37.96594425220974,0.7360120560692648,1.242804251414662e-08,0.5,UNCERTAIN
SOL,37.3562068969477,1.2542709860479775,1.2119825023547601e-08,0.5,UNCERTAIN
DOGE,-37.64119333354756,1.281659477442499,3.643472790644316e-09,0.5,UNCERTAIN
BNB,-13.879679075034801,0.7405796903832125,1.0256920099985819e-08,0.5,UNCERTAIN
XRP,50.83471041871235,0.9389772850445763,1.4424057371213505e-08,0.5,UNCERTAIN
